Title,URL handle,Description,Vendor,Product category,Type,Tags,Published on online store,Status,SKU,Barcodes,Option1 name,Option1 value,Option1 LinkedTo,Option2 name,Option2 value,Option2 LinkedTo,Price,Compare-at price,Cost per item,Charge tax,Inventory tracker,Inventory quantity,Continue selling when out of stock,Weight value (grams),Weight unit for display,Requires shipping,Fulfillment service,Product image URL,Image position,Image alt text,Variant image URL,Gift card,SEO title,SEO description,Subtitle (product.metafields.custom.subtitle),Concern (product.metafields.custom.concern),Full ingredient list (INCI) (product.metafields.custom.inci),How to use (product.metafields.custom.how_to_use),Label (product.metafields.custom.label)
Argan repair shampoo,argan-repair-shampoo,"<p>A sulfate-free shampoo with argan oil and plant keratin for dry and damaged hair. It lathers gently, rinses clean and leaves the lengths soft without weighing them down.</p>",Maison Tress,,Shampoo,"repair, sulfate-free, vegan, Damage, highlight",TRUE,active,TR01-250ML,,Size,250 ml,,,,,14.95,,,TRUE,shopify,80,deny,300,g,TRUE,manual,,,,,FALSE,Argan repair shampoo,"A sulfate-free shampoo with argan oil and plant keratin for dry and damaged hair. It lathers gently, rinses clean and leaves the lengths soft without…",Dry and damaged hair,Damage; Dryness,"Aqua, Sodium Cocoyl Isethionate, Cocamidopropyl Betaine, Glycerin, Argania Spinosa Kernel Oil, Hydrolyzed Wheat Protein, Panthenol, Parfum, Citric Acid, Sodium Benzoate","Apply to wet hair and massage into the scalp
Work through the lengths for one minute
Rinse well and follow with conditioner",
,argan-repair-shampoo,,,,,,,,TR01-1L,,,1 l,,,,,39.95,,,TRUE,shopify,30,deny,300,g,TRUE,manual,,,,,,,,,,,,
Curl defining cream,curl-defining-cream,<p>A light cream that clumps curls and coils without crunch. Shea butter and flaxseed extract hold definition through humid days.</p>,Maison Tress,,Styling,"curly, vegan, Frizz",TRUE,active,TR02-300ML,,Size,300 ml,,,,,18.50,,,TRUE,shopify,60,deny,340,g,TRUE,manual,,,,,FALSE,Curl defining cream,A light cream that clumps curls and coils without crunch. Shea butter and flaxseed extract hold definition through humid days.,Curly and coily hair,Frizz; Definition,"Aqua, Butyrospermum Parkii Butter, Glycerin, Linum Usitatissimum Seed Extract, Cetearyl Alcohol, Behentrimonium Chloride, Parfum, Phenoxyethanol","Apply to soaking wet hair, section by section
Scrunch upwards and let dry
Scrunch out the cast once fully dry",
Bond repair mask,bond-repair-mask,"<p>A weekly mask that works on hair broken by bleach, heat and color. Leave it on for five minutes; the lengths feel stronger and snap less when brushed.</p>",Maison Tress,,Mask,"repair, Damage, Color care",TRUE,active,TR03-200ML,,Size,200 ml,,,,,22.00,,,TRUE,shopify,45,deny,260,g,TRUE,manual,,,,,FALSE,Bond repair mask,"A weekly mask that works on hair broken by bleach, heat and color. Leave it on for five minutes; the lengths feel stronger and snap less when brushed.",Weekly treatment,Damage; Breakage,"Aqua, Cetearyl Alcohol, Behentrimonium Methosulfate, Bis-Aminopropyl Diglycol Dimaleate, Hydrolyzed Keratin, Glycerin, Panthenol, Parfum, Phenoxyethanol","After shampoo, squeeze out excess water
Apply from mid-lengths to ends
Leave for five minutes and rinse",
,bond-repair-mask,,,,,,,,TR03-500ML,,,500 ml,,,,,44.00,,,TRUE,shopify,20,deny,260,g,TRUE,manual,,,,,,,,,,,,
Back-bar shampoo,back-bar-shampoo,"<p>The salon size of our argan repair shampoo, in a 5 l refill with a tap for the backwash.</p>",Maison Tress,,Shampoo,"b2b, professional",TRUE,active,TR04-5L,,Size,5 l,,,,,95.00,,,TRUE,shopify,40,deny,5300,kg,TRUE,manual,,,,,FALSE,Back-bar shampoo,"The salon size of our argan repair shampoo, in a 5 l refill with a tap for the backwash.",,,"Aqua, Sodium Cocoyl Isethionate, Cocamidopropyl Betaine, Glycerin, Argania Spinosa Kernel Oil, Hydrolyzed Wheat Protein, Panthenol, Parfum, Citric Acid, Sodium Benzoate",,Professional
Color cream,color-cream,"<p>A permanent color cream with even coverage and low odor, mixed 1:1.5 with developer. Shown here in three shades from the salon range.</p>",Maison Tress,,Color,"row, professional, Color care",TRUE,active,TR05-50LIGH-100ML,,Shade,5.0 Light brown,,Size,100 ml,,9.90,,,TRUE,shopify,120,deny,130,g,TRUE,manual,,,,,FALSE,Color cream,"A permanent color cream with even coverage and low odor, mixed 1:1.5 with developer. Shown here in three shades from the salon range.",Permanent color,,,"Mix 1 part color with 1.5 parts developer
Apply to dry hair
Leave 35 minutes, then rinse and shampoo",Professional
,color-cream,,,,,,,,TR05-61DARK-100ML,,,6.1 Dark ash blonde,,,100 ml,,9.90,,,TRUE,shopify,96,deny,130,g,TRUE,manual,,,,,,,,,,,,
,color-cream,,,,,,,,TR05-73GOLD-100ML,,,7.3 Golden blonde,,,100 ml,,9.90,,,TRUE,shopify,8,deny,130,g,TRUE,manual,,,,,,,,,,,,
Hydrating conditioner,hydrating-conditioner,<p>A creamy conditioner with aloe and panthenol that detangles in seconds and keeps ends smooth.</p>,Maison Tress,,Conditioner,"repair, vegan, Frizz",TRUE,active,TR06-250ML,,Size,250 ml,,,,,15.95,,,TRUE,shopify,70,deny,300,g,TRUE,manual,,,,,FALSE,Hydrating conditioner,A creamy conditioner with aloe and panthenol that detangles in seconds and keeps ends smooth.,All hair types,Dryness,"Aqua, Cetearyl Alcohol, Aloe Barbadensis Leaf Juice, Behentrimonium Chloride, Panthenol, Glycerin, Parfum, Phenoxyethanol",,
,hydrating-conditioner,,,,,,,,TR06-1L,,,1 l,,,,,42.95,,,TRUE,shopify,25,deny,300,g,TRUE,manual,,,,,,,,,,,,
Scalp detox scrub,scalp-detox-scrub,<p>A fine sugar scrub with salicylic acid that lifts build-up from dry shampoo and styling products. Use it once a week before shampoo.</p>,Maison Tress,,Treatment,"scalp, Volume",TRUE,active,TR07-150ML,,Size,150 ml,,,,,19.00,,,TRUE,shopify,36,deny,200,g,TRUE,manual,,,,,FALSE,Scalp detox scrub,A fine sugar scrub with salicylic acid that lifts build-up from dry shampoo and styling products. Use it once a week before shampoo.,Weekly scalp care,Build-up,"Sucrose, Aqua, Glycerin, Salicylic Acid, Menthol, Cocamidopropyl Betaine, Parfum, Sodium Benzoate",,
Heat protect spray,heat-protect-spray,<p>A weightless mist that protects to 230 °C and cuts drying time. Spray it on damp hair before the dryer or on dry hair before tongs.</p>,Maison Tress,,Styling,"styling, Damage, Frizz",TRUE,active,TR08-150ML,,Size,150 ml,,,,,16.50,,,TRUE,shopify,50,deny,190,g,TRUE,manual,,,,,FALSE,Heat protect spray,A weightless mist that protects to 230 °C and cuts drying time. Spray it on damp hair before the dryer or on dry hair before tongs.,Protects to 230 °C,Heat damage,,,
Volume dry shampoo,volume-dry-shampoo,"<p>A rice-starch dry shampoo that soaks up oil at the roots and adds lift, with no white cast once brushed through.</p>",Maison Tress,,Styling,"styling, Volume",TRUE,active,TR09-200ML,,Size,200 ml,,,,,13.90,,,TRUE,shopify,0,deny,180,g,TRUE,manual,,,,,FALSE,Volume dry shampoo,"A rice-starch dry shampoo that soaks up oil at the roots and adds lift, with no white cast once brushed through.","Rice starch, no white cast",,,,
Purple toning shampoo,purple-toning-shampoo,"<p>A violet-pigmented shampoo that cancels brassy yellow tones in blonde, silver and highlighted hair. Leave it on for one to three minutes, depending on how cool you want the result.</p>",Maison Tress,,Shampoo,"Color care, sulfate-free",TRUE,active,TR10-250ML,,Size,250 ml,,,,,16.50,,,TRUE,shopify,44,deny,300,g,TRUE,manual,,,,,FALSE,Purple toning shampoo,"A violet-pigmented shampoo that cancels brassy yellow tones in blonde, silver and highlighted hair. Leave it on for one to three minutes, depending on how…",Blonde and silver hair,Brassiness,"Aqua, Sodium Cocoyl Isethionate, Cocamidopropyl Betaine, Glycerin, Hydrolyzed Rice Protein, Panthenol, Parfum, Citric Acid, CI 60730, Sodium Benzoate","Apply to wet hair and lather
Leave for one to three minutes
Rinse well; use once or twice a week",
,purple-toning-shampoo,,,,,,,,TR10-1L,,,1 l,,,,,44.00,,,TRUE,shopify,18,deny,300,g,TRUE,manual,,,,,,,,,,,,
Leave-in conditioner,leave-in-conditioner,"<p>A light milk spray that detangles, softens frizz and protects the ends between washes. Mist it on damp or dry hair; there is nothing to rinse.</p>",Maison Tress,,Conditioner,"Frizz, Damage, vegan",TRUE,active,TR11-200ML,,Size,200 ml,,,,,17.00,,,TRUE,shopify,52,deny,240,g,TRUE,manual,,,,,FALSE,Leave-in conditioner,"A light milk spray that detangles, softens frizz and protects the ends between washes. Mist it on damp or dry hair; there is nothing to rinse.",No-rinse detangler,Frizz; Tangles,"Aqua, Cetearyl Alcohol, Glycerin, Behentrimonium Chloride, Hydrolyzed Quinoa, Panthenol, Parfum, Phenoxyethanol","Shake well
Mist over damp or dry lengths
Comb through and style as usual",
Wide-tooth comb,wide-tooth-comb,<p>A saw-cut comb with rounded teeth for detangling wet hair without pulling.</p>,Maison Tress,,Tool,tools,TRUE,active,TR12,,Title,Default Title,,,,,9.00,,,TRUE,shopify,90,deny,40,g,TRUE,manual,,,,,FALSE,Wide-tooth comb,A saw-cut comb with rounded teeth for detangling wet hair without pulling.,For wet hair,,,,
