Title,URL handle,Description,Vendor,Product category,Type,Tags,Published on online store,Status,SKU,Barcodes,Option1 name,Option1 value,Option1 LinkedTo,Option2 name,Option2 value,Option2 LinkedTo,Price,Compare-at price,Cost per item,Charge tax,Inventory tracker,Inventory quantity,Continue selling when out of stock,Weight value (grams),Weight unit for display,Requires shipping,Fulfillment service,Product image URL,Image position,Image alt text,Variant image URL,Gift card,SEO title,SEO description,Subtitle (product.metafields.custom.subtitle),Top notes (product.metafields.custom.scent_top),Heart notes (product.metafields.custom.scent_heart),Base notes (product.metafields.custom.scent_base),Full ingredient list (INCI) (product.metafields.custom.inci),Warnings (product.metafields.custom.warnings),Period after opening (months) (product.metafields.custom.pao_months)
Whipped shea body butter,whipped-shea-body-butter,"<p>Shea and cocoa butter whipped until light, so it melts at skin temperature and sinks in without a greasy film. Choose vanilla, coconut or unscented.</p>",Balm Atelier,,Body butter,"vegan, dry-skin, Warm, Unscented, highlight",TRUE,active,BM01-200ML-VANILL,,Size,200 ml,,Scent,Vanilla,,19.00,,,TRUE,shopify,50,deny,260,g,TRUE,manual,,,,,FALSE,Whipped shea body butter,"Shea and cocoa butter whipped until light, so it melts at skin temperature and sinks in without a greasy film. Choose vanilla, coconut or unscented.",Dry and sensitive skin,"Bergamot, Pink pepper","Orange blossom, Jasmine","Vanilla, Sandalwood","Butyrospermum Parkii Butter, Theobroma Cacao Seed Butter, Prunus Amygdalus Dulcis Oil, Caprylic/Capric Triglyceride, Tocopherol, Parfum, Linalool, Limonene",,12
,whipped-shea-body-butter,,,,,,,,BM01-200ML-COCONU,,,200 ml,,,Coconut,,19.00,,,TRUE,shopify,44,deny,260,g,TRUE,manual,,,,,,,,,,,,,,
,whipped-shea-body-butter,,,,,,,,BM01-200ML-UNSCEN,,,200 ml,,,Unscented,,19.00,,,TRUE,shopify,30,deny,260,g,TRUE,manual,,,,,,,,,,,,,,
,whipped-shea-body-butter,,,,,,,,BM01-500ML-VANILL,,,500 ml,,,Vanilla,,34.00,,,TRUE,shopify,18,deny,260,g,TRUE,manual,,,,,,,,,,,,,,
,whipped-shea-body-butter,,,,,,,,BM01-500ML-COCONU,,,500 ml,,,Coconut,,34.00,,,TRUE,shopify,12,deny,260,g,TRUE,manual,,,,,,,,,,,,,,
,whipped-shea-body-butter,,,,,,,,BM01-500ML-UNSCEN,,,500 ml,,,Unscented,,34.00,,,TRUE,shopify,6,deny,260,g,TRUE,manual,,,,,,,,,,,,,,
Coffee body scrub,coffee-body-scrub,"<p>Fine-ground coffee and sugar in a base of sweet almond oil. It buffs rough patches and leaves a light, comforting scent.</p>",Balm Atelier,,Scrub,"vegan, Warm",TRUE,active,BM02-250G,,Size,250 g,,,,,16.00,,,TRUE,shopify,40,deny,290,g,TRUE,manual,,,,,FALSE,Coffee body scrub,"Fine-ground coffee and sugar in a base of sweet almond oil. It buffs rough patches and leaves a light, comforting scent.",Coffee and sugar,Coffee,Cacao,Brown sugar,"Sucrose, Coffea Arabica Seed Powder, Prunus Amygdalus Dulcis Oil, Cocos Nucifera Oil, Tocopherol",,6
Dry body oil,dry-body-oil,<p>A blend of squalane and camellia oil that absorbs in a minute and leaves a soft sheen. Press it into damp skin after the shower.</p>,Balm Atelier,,Oil,"vegan, Floral",TRUE,active,BM03-100ML,,Size,100 ml,,,,,24.00,,,TRUE,shopify,36,deny,180,g,TRUE,manual,,,,,FALSE,Dry body oil,A blend of squalane and camellia oil that absorbs in a minute and leaves a soft sheen. Press it into damp skin after the shower.,Absorbs in a minute,Neroli,Rose geranium,Cedarwood,"Squalane, Camellia Oleifera Seed Oil, Caprylic/Capric Triglyceride, Tocopherol, Parfum, Geraniol, Citronellol","For external use only.
Avoid contact with eyes.
Surfaces can become slippery; wipe the shower floor after use.",12
Body butter tester,body-butter-tester,"<p>A 200 ml tester of the whipped shea body butter for shop counters, labeled ""Tester, not for sale"".</p>",Balm Atelier,,Tester,"b2b, tester",TRUE,active,BM04-VANILL,,Scent,Vanilla,,,,,0.00,,,TRUE,shopify,20,deny,260,g,TRUE,manual,,,,,FALSE,Body butter tester,"A 200 ml tester of the whipped shea body butter for shop counters, labeled ""Tester, not for sale"".",,,,,"Butyrospermum Parkii Butter, Theobroma Cacao Seed Butter, Prunus Amygdalus Dulcis Oil, Caprylic/Capric Triglyceride, Tocopherol, Parfum, Linalool, Limonene",,
,body-butter-tester,,,,,,,,BM04-COCONU,,,Coconut,,,,,0.00,,,TRUE,shopify,20,deny,260,g,TRUE,manual,,,,,,,,,,,,,,
,body-butter-tester,,,,,,,,BM04-UNSCEN,,,Unscented,,,,,0.00,,,TRUE,shopify,20,deny,260,g,TRUE,manual,,,,,,,,,,,,,,
Ritual gift set,ritual-gift-set,"<p>The three steps of the ritual in one box: coffee body scrub, whipped shea body butter (200 ml, vanilla) and dry body oil, wrapped with a card for your message.</p>",Balm Atelier,,Gift set,"gift, Warm",TRUE,active,BM05,,Title,Default Title,,,,,49.00,,,TRUE,shopify,25,deny,800,g,TRUE,manual,,,,,FALSE,Ritual gift set,"The three steps of the ritual in one box: coffee body scrub, whipped shea body butter (200 ml, vanilla) and dry body oil, wrapped with a card for your…","Scrub, butter and oil",,,,,,
Repair hand cream,repair-hand-cream,"<p>A rich hand cream with shea and urea for hands that wash often. Non-greasy, so you can type straight after.</p>",Balm Atelier,,Hand care,"vegan, Fresh",TRUE,active,BM06-75ML,,Size,75 ml,,,,,12.00,,,TRUE,shopify,80,deny,100,g,TRUE,manual,,,,,FALSE,Repair hand cream,"A rich hand cream with shea and urea for hands that wash often. Non-greasy, so you can type straight after.",For hands that wash often,Lemon,Green tea,Musk,,,12
Sea salt soak,sea-salt-soak,<p>Coarse sea salt and magnesium flakes with a few drops of lavender oil. Dissolve a handful in a warm bath.</p>,Balm Atelier,,Bath,"bath, Fresh",TRUE,active,BM07-500G,,Size,500 g,,,,,18.00,,,TRUE,shopify,30,deny,540,g,TRUE,manual,,,,,FALSE,Sea salt soak,Coarse sea salt and magnesium flakes with a few drops of lavender oil. Dissolve a handful in a warm bath.,Salt and magnesium,Lavender,Eucalyptus,Vetiver,,,
Gentle body wash,gentle-body-wash,"<p>A mild, low-foam wash that cleans without tightness. The refill fills the bottle three times.</p>",Balm Atelier,,Body wash,"vegan, refill, Fresh",TRUE,active,BM08-300ML,,Size,300 ml,,,,,14.00,,,TRUE,shopify,55,deny,340,g,TRUE,manual,,,,,FALSE,Gentle body wash,"A mild, low-foam wash that cleans without tightness. The refill fills the bottle three times.",Mild and low-foam,Bergamot,Fig leaf,Cedarwood,,,
,gentle-body-wash,,,,,,,,BM08-1LREFI,,,1 l refill,,,,,32.00,,,TRUE,shopify,20,deny,340,g,TRUE,manual,,,,,,,,,,,,,,
Nourishing lip balm,nourishing-lip-balm,"<p>Candelilla wax and shea in a slim tin, with a hint of vanilla.</p>",Balm Atelier,,Lip care,"vegan, Warm",TRUE,active,BM09-15ML,,Size,15 ml,,,,,6.50,,,TRUE,shopify,120,deny,30,g,TRUE,manual,,,,,FALSE,Nourishing lip balm,"Candelilla wax and shea in a slim tin, with a hint of vanilla.",Candelilla and shea,,,,,,12
Rose body lotion,rose-body-lotion,"<p>A fluid lotion with rose water and oat that sinks in within a minute, for mornings when a butter feels too rich.</p>",Balm Atelier,,Body lotion,"vegan, Floral",TRUE,active,BM10-250ML,,Size,250 ml,,,,,21.00,,,TRUE,shopify,38,deny,290,g,TRUE,manual,,,,,FALSE,Rose body lotion,"A fluid lotion with rose water and oat that sinks in within a minute, for mornings when a butter feels too rich.",Light daily lotion,Pink grapefruit,"Rose, Peony",White musk,"Rosa Damascena Flower Water, Aqua, Caprylic/Capric Triglyceride, Glycerin, Avena Sativa Kernel Extract, Cetearyl Alcohol, Parfum, Phenoxyethanol, Citronellol, Geraniol",,12
Exfoliating mitt,exfoliating-mitt,<p>A woven mitt that lifts dry skin in the shower without a scrub. Rinse it after use and hang it to dry by its loop.</p>,Balm Atelier,,Tool,"tools, Unscented",TRUE,active,BM11,,Title,Default Title,,,,,10.00,,,TRUE,shopify,60,deny,40,g,TRUE,manual,,,,,FALSE,Exfoliating mitt,A woven mitt that lifts dry skin in the shower without a scrub. Rinse it after use and hang it to dry by its loop.,"Woven, machine washable",,,,,,
Konjac sponge,konjac-sponge,<p>A plant-fiber sponge that softens in water for gentle daily exfoliation. Replace it every two to three months.</p>,Balm Atelier,,Tool,"tools, Unscented",TRUE,active,BM12,,Title,Default Title,,,,,8.00,,,TRUE,shopify,70,deny,20,g,TRUE,manual,,,,,FALSE,Konjac sponge,A plant-fiber sponge that softens in water for gentle daily exfoliation. Replace it every two to three months.,Plant fiber,,,,,,
