Title,URL handle,Description,Vendor,Product category,Type,Tags,Published on online store,Status,SKU,Barcodes,Option1 name,Option1 value,Option1 LinkedTo,Option2 name,Option2 value,Option2 LinkedTo,Price,Compare-at price,Cost per item,Charge tax,Inventory tracker,Inventory quantity,Continue selling when out of stock,Weight value (grams),Weight unit for display,Requires shipping,Fulfillment service,Product image URL,Image position,Image alt text,Variant image URL,Gift card,SEO title,SEO description,Subtitle (product.metafields.custom.subtitle),Fit guide (product.metafields.custom.fit_guide),Best suited for (product.metafields.custom.best_suited_for),Embroidery (product.metafields.custom.embroidery),Material (product.metafields.custom.material),Care (product.metafields.custom.care),Label (product.metafields.custom.label)
Leila hand-embroidered long tunic,leila-embroidered-tunic,"<p>A long cotton voile tunic with embroidery at the neckline and cuffs, stitched by hand. It falls straight from the shoulder and reaches mid-calf, so it works over trousers or on its own with a belt.</p><p>Each piece takes about two days of needlework, so the stitches vary slightly from one tunic to the next.</p>",Weft Studio,,Tunic,"row, new, embroidered",TRUE,active,WF01-ECRU-SM,,Color,Ecru,,Size,S/M,,79.95,99.95,,TRUE,shopify,42,deny,320,g,TRUE,manual,,,,,FALSE,Leila hand-embroidered long tunic,"A long cotton voile tunic with embroidery at the neckline and cuffs, stitched by hand. It falls straight from the shoulder and reaches mid-calf, so it…","Cotton voile, hand embroidery","Model is 170 cm, wearing S/M","US 8-14, UK/AU 12-18, EU 40-46, IT 44-50",Hand-embroidered neckline and cuffs,100% cotton voile,"Hand wash cold
Dry flat in the shade
Iron on the reverse",
,leila-embroidered-tunic,,,,,,,,WF01-ECRU-LXL,,,Ecru,,,L/XL,,79.95,99.95,,TRUE,shopify,18,deny,320,g,TRUE,manual,,,,,,,,,,,,,,
,leila-embroidered-tunic,,,,,,,,WF01-ECRU-XXL,,,Ecru,,,XXL,,79.95,99.95,,TRUE,shopify,6,deny,320,g,TRUE,manual,,,,,,,,,,,,,,
,leila-embroidered-tunic,,,,,,,,WF01-INDIGO-SM,,,Indigo,,,S/M,,79.95,99.95,,TRUE,shopify,9,deny,320,g,TRUE,manual,,,,,,,,,,,,,,
,leila-embroidered-tunic,,,,,,,,WF01-INDIGO-LXL,,,Indigo,,,L/XL,,79.95,99.95,,TRUE,shopify,0,deny,320,g,TRUE,manual,,,,,,,,,,,,,,
,leila-embroidered-tunic,,,,,,,,WF01-INDIGO-XXL,,,Indigo,,,XXL,,79.95,99.95,,TRUE,shopify,23,deny,320,g,TRUE,manual,,,,,,,,,,,,,,
,leila-embroidered-tunic,,,,,,,,WF01-BLACK-SM,,,Black,,,S/M,,79.95,99.95,,TRUE,,,deny,320,g,TRUE,manual,,,,,,,,,,,,,,
,leila-embroidered-tunic,,,,,,,,WF01-BLACK-LXL,,,Black,,,L/XL,,79.95,99.95,,TRUE,,,deny,320,g,TRUE,manual,,,,,,,,,,,,,,
,leila-embroidered-tunic,,,,,,,,WF01-BLACK-XXL,,,Black,,,XXL,,79.95,99.95,,TRUE,,,deny,320,g,TRUE,manual,,,,,,,,,,,,,,
,leila-embroidered-tunic,,,,,,,,WF01-SAGE-SM,,,Sage,,,S/M,,79.95,99.95,,TRUE,shopify,14,deny,320,g,TRUE,manual,,,,,,,,,,,,,,
,leila-embroidered-tunic,,,,,,,,WF01-SAGE-LXL,,,Sage,,,L/XL,,79.95,99.95,,TRUE,shopify,3,deny,320,g,TRUE,manual,,,,,,,,,,,,,,
Zahra embroidered kaftan,zahra-embroidered-kaftan,<p>A one-size kaftan in soft cotton with a band of embroidery down the front. Wide sleeves and side slits keep it cool; a hidden drawstring gathers the waist when you want shape.</p>,Weft Studio,,Kaftan,embroidered,TRUE,active,WF02-CORAL,,Color,Coral,,,,,89.95,,,TRUE,shopify,60,deny,380,g,TRUE,manual,,,,,FALSE,Zahra embroidered kaftan,A one-size kaftan in soft cotton with a band of embroidery down the front. Wide sleeves and side slits keep it cool; a hidden drawstring gathers the waist…,"One size, cotton","One size, fits EU 36-48",,,100% cotton,"Machine wash cold on a gentle cycle
Line dry",
,zahra-embroidered-kaftan,,,,,,,,WF02-TURQUO,,,Turquoise,,,,,89.95,,,TRUE,shopify,12,deny,380,g,TRUE,manual,,,,,,,,,,,,,,
,zahra-embroidered-kaftan,,,,,,,,WF02-WHITE,,,White,,,,,89.95,,,TRUE,shopify,0,deny,380,g,TRUE,manual,,,,,,,,,,,,,,
,zahra-embroidered-kaftan,,,,,,,,WF02-NAVY,,,Navy,,,,,89.95,,,TRUE,shopify,30,deny,380,g,TRUE,manual,,,,,,,,,,,,,,
Nour embroidered tote,nour-embroidered-tote,"<p>A sturdy cotton canvas tote with an embroidered front panel and leather-look handles. It holds a laptop, a towel and a day at the beach.</p>",Weft Studio,,Bag,accessories,TRUE,active,WF03-NATURA,,Color,Natural,,,,,59.95,,,TRUE,shopify,25,deny,450,g,TRUE,manual,,,,,FALSE,Nour embroidered tote,"A sturdy cotton canvas tote with an embroidered front panel and leather-look handles. It holds a laptop, a towel and a day at the beach.","Canvas, embroidered panel",,,,"Cotton canvas, embroidered front",,
,nour-embroidered-tote,,,,,,,,WF03-BLACK,,,Black,,,,,59.95,,,TRUE,shopify,7,deny,450,g,TRUE,manual,,,,,,,,,,,,,,
Amira embroidered maxi dress,amira-maxi-dress,<p>A floor-length dress with a tiered skirt and a yoke of tonal embroidery. The cotton gauze is light enough for summer and layers well under a jacket in autumn.</p>,Weft Studio,,Dress,"new, row, embroidered, highlight",TRUE,active,WF04-SAND-SM,,Color,Sand,,Size,S/M,,119.00,,,TRUE,shopify,20,deny,420,g,TRUE,manual,,,,,FALSE,Amira embroidered maxi dress,A floor-length dress with a tiered skirt and a yoke of tonal embroidery. The cotton gauze is light enough for summer and layers well under a jacket in…,"Cotton gauze, tonal embroidery","Model is 172 cm, wearing S/M",,,100% cotton gauze,,
,amira-maxi-dress,,,,,,,,WF04-SAND-LXL,,,Sand,,,L/XL,,119.00,,,TRUE,shopify,16,deny,420,g,TRUE,manual,,,,,,,,,,,,,,
,amira-maxi-dress,,,,,,,,WF04-SAND-XXL,,,Sand,,,XXL,,119.00,,,TRUE,shopify,5,deny,420,g,TRUE,manual,,,,,,,,,,,,,,
,amira-maxi-dress,,,,,,,,WF04-TERRAC-SM,,,Terracotta,,,S/M,,119.00,,,TRUE,shopify,12,deny,420,g,TRUE,manual,,,,,,,,,,,,,,
,amira-maxi-dress,,,,,,,,WF04-TERRAC-LXL,,,Terracotta,,,L/XL,,119.00,,,TRUE,shopify,9,deny,420,g,TRUE,manual,,,,,,,,,,,,,,
,amira-maxi-dress,,,,,,,,WF04-TERRAC-XXL,,,Terracotta,,,XXL,,119.00,,,TRUE,shopify,2,deny,420,g,TRUE,manual,,,,,,,,,,,,,,
Salma linen shirt,salma-linen-shirt,"<p>A relaxed linen shirt with a band collar and mother-of-pearl buttons. Washed for softness, so it looks lived-in from the first wear.</p>",Weft Studio,,Shirt,linen,TRUE,active,WF05-WHITE-SM,,Color,White,,Size,S/M,,69.00,,,TRUE,shopify,30,deny,260,g,TRUE,manual,,,,,FALSE,Salma linen shirt,"A relaxed linen shirt with a band collar and mother-of-pearl buttons. Washed for softness, so it looks lived-in from the first wear.",Washed linen,,,,100% linen,,
,salma-linen-shirt,,,,,,,,WF05-WHITE-LXL,,,White,,,L/XL,,69.00,,,TRUE,shopify,24,deny,260,g,TRUE,manual,,,,,,,,,,,,,,
,salma-linen-shirt,,,,,,,,WF05-WHITE-XXL,,,White,,,XXL,,69.00,,,TRUE,shopify,8,deny,260,g,TRUE,manual,,,,,,,,,,,,,,
,salma-linen-shirt,,,,,,,,WF05-OLIVE-SM,,,Olive,,,S/M,,69.00,,,TRUE,shopify,18,deny,260,g,TRUE,manual,,,,,,,,,,,,,,
,salma-linen-shirt,,,,,,,,WF05-OLIVE-LXL,,,Olive,,,L/XL,,69.00,,,TRUE,shopify,11,deny,260,g,TRUE,manual,,,,,,,,,,,,,,
,salma-linen-shirt,,,,,,,,WF05-OLIVE-XXL,,,Olive,,,XXL,,69.00,,,TRUE,shopify,4,deny,260,g,TRUE,manual,,,,,,,,,,,,,,
Yasmin wrap skirt,yasmin-wrap-skirt,"<p>A midi wrap skirt that ties at the waist, cut from cotton poplin with a scalloped hem. Adjustable, so the fit follows you through the day.</p>",Weft Studio,,Skirt,sale,TRUE,active,WF06-INDIGO-SM,,Color,Indigo,,Size,S/M,,49.00,64.00,,TRUE,shopify,14,deny,240,g,TRUE,manual,,,,,FALSE,Yasmin wrap skirt,"A midi wrap skirt that ties at the waist, cut from cotton poplin with a scalloped hem. Adjustable, so the fit follows you through the day.",Cotton poplin,,,,100% cotton poplin,,
,yasmin-wrap-skirt,,,,,,,,WF06-INDIGO-LXL,,,Indigo,,,L/XL,,49.00,64.00,,TRUE,shopify,10,deny,240,g,TRUE,manual,,,,,,,,,,,,,,
,yasmin-wrap-skirt,,,,,,,,WF06-ECRU-SM,,,Ecru,,,S/M,,49.00,64.00,,TRUE,shopify,12,deny,240,g,TRUE,manual,,,,,,,,,,,,,,
,yasmin-wrap-skirt,,,,,,,,WF06-ECRU-LXL,,,Ecru,,,L/XL,,49.00,64.00,,TRUE,shopify,6,deny,240,g,TRUE,manual,,,,,,,,,,,,,,
Farah beach cover-up,farah-beach-cover-up,<p>A sheer cotton cover-up with open sides and a tasseled tie. It packs down to nothing and dries in minutes.</p>,Weft Studio,,Kaftan,new,TRUE,active,WF07-WHITE,,Color,White,,,,,49.00,,,TRUE,shopify,40,deny,160,g,TRUE,manual,,,,,FALSE,Farah beach cover-up,A sheer cotton cover-up with open sides and a tasseled tie. It packs down to nothing and dries in minutes.,"Sheer cotton, one size","One size, fits EU 36-46",,,,,
,farah-beach-cover-up,,,,,,,,WF07-BLACK,,,Black,,,,,49.00,,,TRUE,shopify,22,deny,160,g,TRUE,manual,,,,,,,,,,,,,,
Layla embroidered jacket,layla-embroidered-jacket,<p>A cropped cotton jacket with a quilted lining and embroidered sleeves. It closes with fabric-covered buttons and has two deep pockets.</p>,Weft Studio,,Jacket,embroidered,TRUE,active,WF08-SM,,Size,S/M,,,,,139.00,159.00,,TRUE,shopify,10,deny,610,g,TRUE,manual,,,,,FALSE,Layla embroidered jacket,A cropped cotton jacket with a quilted lining and embroidered sleeves. It closes with fabric-covered buttons and has two deep pockets.,Quilted cotton,Cropped; size up to wear over knits,,,"Cotton, quilted cotton lining",,
,layla-embroidered-jacket,,,,,,,,WF08-LXL,,,L/XL,,,,,139.00,159.00,,TRUE,shopify,6,deny,610,g,TRUE,manual,,,,,,,,,,,,,,
,layla-embroidered-jacket,,,,,,,,WF08-XXL,,,XXL,,,,,139.00,159.00,,TRUE,shopify,2,deny,610,g,TRUE,manual,,,,,,,,,,,,,,
Hana silk scarf,hana-silk-scarf,"<p>A square silk scarf with a hand-rolled hem, printed with a pattern drawn from the embroidery on our tunics.</p>",Weft Studio,,Scarf,accessories,TRUE,active,WF09-IVORY,,Color,Ivory,,,,,39.00,,,TRUE,shopify,35,deny,60,g,TRUE,manual,,,,,FALSE,Hana silk scarf,"A square silk scarf with a hand-rolled hem, printed with a pattern drawn from the embroidery on our tunics.",90 x 90 cm silk twill,,,,100% silk twill,,
,hana-silk-scarf,,,,,,,,WF09-ROSE,,,Rose,,,,,39.00,,,TRUE,shopify,18,deny,60,g,TRUE,manual,,,,,,,,,,,,,,
,hana-silk-scarf,,,,,,,,WF09-NAVY,,,Navy,,,,,39.00,,,TRUE,shopify,9,deny,60,g,TRUE,manual,,,,,,,,,,,,,,
Rania straw hat,rania-straw-hat,"<p>A wide-brim hat woven from natural straw, with an embroidered cotton band. The brim holds its shape and folds for travel.</p>",Weft Studio,,Hat,"new, accessories",TRUE,active,WF10-ONESIZ,,Size,One size,,,,,45.00,,,TRUE,shopify,28,deny,180,g,TRUE,manual,,,,,FALSE,Rania straw hat,"A wide-brim hat woven from natural straw, with an embroidered cotton band. The brim holds its shape and folds for travel.",Natural straw,,,,,,
Tunic sample pack,tunic-sample-pack,"<p>One Leila tunic in each color, size S/M, for shop owners who want to see the fabric and embroidery before ordering.</p>",Weft Studio,,Sample pack,b2b,TRUE,active,WF11,,Title,Default Title,,,,,150.00,,,TRUE,shopify,15,deny,1300,kg,TRUE,manual,,,,,FALSE,Tunic sample pack,"One Leila tunic in each color, size S/M, for shop owners who want to see the fabric and embroidery before ordering.",,,,,,,
Embroidery swatch card,embroidery-swatch-card,"<p>A card with fabric cuttings and thread samples for every color in the range, so shops can match stock to their displays.</p>",Weft Studio,,Sample pack,b2b,TRUE,active,WF12,,Title,Default Title,,,,,12.00,,,TRUE,shopify,40,deny,40,g,TRUE,manual,,,,,FALSE,Embroidery swatch card,"A card with fabric cuttings and thread samples for every color in the range, so shops can match stock to their displays.",,,,,,,
Gift card,gift-card,"<p>A gift card for any piece in the shop, delivered by email.</p>",Weft Studio,,Gift card,,TRUE,active,,,Denominations,€25,,,,,25.00,,,FALSE,,,deny,,,FALSE,manual,,,,,TRUE,Gift card,"A gift card for any piece in the shop, delivered by email.",,,,,,,
,gift-card,,,,,,,,,,,€50,,,,,50.00,,,FALSE,,,deny,,,FALSE,manual,,,,,,,,,,,,,,
,gift-card,,,,,,,,,,,€100,,,,,100.00,,,FALSE,,,deny,,,FALSE,manual,,,,,,,,,,,,,,
